tweet_id	date_posted	twitter_id	handle	Day	website	description
1323260682549317632	2020-11-02 13:48:26	1323238131710238721	_aliceontheroad	01	_	
1323324964951523331	2020-11-02 18:03:52	1323238131710238721	_aliceontheroad	02	_	
1322621799096483840	2020-10-31 19:29:44	1222519447165886465	_anirudhgovind	01	_	A simple map of traffic lights in #Bangalore shown as points.
1322973698396049408	2020-11-01 18:48:04	1222519447165886465	_anirudhgovind	02	_	
1323919428816310272	2020-11-04 09:26:03	14851579	_kyliejane	01	_	
1323920600948039680	2020-11-04 09:30:43	14851579	_kyliejane	02	_	
1322903559416041472	2020-11-01 14:09:21	223959960	_penguin_runner	01	_	
1323184104171540480	2020-11-02 08:44:08	223959960	_penguin_runner	02	_	
1322830573287690243	2020-11-01 09:19:20	1320623996249976832	1cartogRaph	01	_	Yearly earthquake activity in Valais, Switzerland
1323973400218521601	2020-11-04 13:00:31	1320623996249976832	1cartogRaph	04	_	The #r√∂stigraben in Valais. A linguistic and cultural boundary dividing a Canton (and country)
1324006292223045632	2020-11-04 15:11:13	5762562	achillida	01	_	
1324033854823424000	2020-11-04 17:00:45	5762562	achillida	02	_	
1323301191271419905	2020-11-02 16:29:24	2678363167	adaezehs	01	_	
1323714829626957824	2020-11-03 19:53:03	2678363167	adaezehs	02	_	
1323342391168950274	2020-11-02 19:13:07	51383638	adtrigg	02	_	
1323097388647632897	2020-11-02 02:59:34	623327023	AFCotroneo	01	_	
1323252694941917185	2020-11-02 13:16:41	623327023	AFCotroneo	02	_	
1324139193543569410	2020-11-04 23:59:19	623327023	AFCotroneo	04	_	Caribou Track Observations by 7 Pixel Hexbins
1323308498441195526	2020-11-02 16:58:26	1235300640496250883	afrimapr	02	_	
1323058298543869957	2020-11-02 00:24:14	215404498	akadouri	01	_	
1323452421184638982	2020-11-03 02:30:20	215404498	akadouri	02	https://arielsartistry.com/2020/11/01/30daymapchallenge-2020/index.html#Day-2-Lines	Routes from Subway Stops to Coffee Shops presented in the style of the classic Anthora coffee cup. Now to get this printed on a cup...
1322950931613364224	2020-11-01 17:17:35	703573219	AlbinPCLarsson	01	_	
1323124677502472194	2020-11-02 04:48:00	703573219	AlbinPCLarsson	02	_	
1324084543977119745	2020-11-04 20:22:10	703573219	AlbinPCLarsson	04	_	
1323304810108620801	2020-11-02 16:43:47	3261719668	Alina_Ristea	03	_	
1323293939865104384	2020-11-02 16:00:35	409168655	allixender	02	_	
1323263691723333632	2020-11-02 14:00:23	2167201254	Amit_Levinson	02	_	
1322831328094625793	2020-11-01 09:22:20	3270581047	AnalisisGeo	01	_	Towns of Mexico
1323337002457141249	2020-11-02 18:51:42	3270581047	AnalisisGeo	02	_	Maps with all the trajectories of hurricanes and tropical storms that have passed near Mexico since these events have been measured. IBTrACS data.
1323121162457473024	2020-11-02 04:34:02	1322740260422385665	AnatZohar4	01	_	
1323711466759880704	2020-11-03 19:39:41	1322740260422385665	AnatZohar4	02	_	
1323308310322421760	2020-11-02 16:57:41	80089433	anders_wikstrom	02	_	
1322704397013377025	2020-11-01 00:57:57	93839237	andrewdc_nz	01	_	High Points in the Southern Alps. Some fun using blending modes to combine hill height points and a Southern Alps hillshade.
1323107240912433153	2020-11-02 03:38:43	93839237	andrewdc_nz	02	_	
1323256609573871617	2020-11-02 13:32:15	301593228	AndrewRenninger	02	_	Comparing a (rather random) collection of transit networks using data from Rainer Kujala et al
1323267195586031617	2020-11-02 14:14:19	44530833	andrewrfrench	02	_	
1323115992000520192	2020-11-02 04:13:29	1513661708	andy_rutkowski	01	_	
1323385864689344512	2020-11-02 22:05:52	1513661708	andy_rutkowski	02	_	
1322878093141385216	2020-11-01 12:28:09	13844282	anlugonz	01	_	
1323245657491197952	2020-11-02 12:48:44	13844282	anlugonz	02	_	
1323148099829706752	2020-11-02 06:21:04	339356740	annaballasiotes	01	_	
1190269132475899906	2019-11-01 14:07:29	113729499	antoaasa	01	_	Most reviewed eating places in Tbilisi
1323090234897321985	2020-11-02 02:31:08	602294312	antoniolocandro	01	_	
1323381627209265152	2020-11-02 21:49:01	602294312	antoniolocandro	02	_	This aviation map shows RNAV routes (mainly flown using GPS). Even though this version is for Nov 5 and I left 1.5 years ago 90% of it I made about 8 years ago or more so I think it counts üò¨
1323243367434780672	2020-11-02 12:39:38	2342154006	areacartografia	01	_	
1323293796730200064	2020-11-02 16:00:01	2342154006	areacartografia	02	_	
1323208009531744257	2020-11-02 10:19:08	800277926348324864	Arnold_Platon	01	_	
1323209821517238272	2020-11-02 10:26:20	800277926348324864	Arnold_Platon	02	_	
1323004338948722689	2020-11-01 20:49:49	1132056770	arriskeus	01	_	
1323632036167536641	2020-11-03 14:24:03	1132056770	arriskeus	02	_	
1322948369988411394	2020-11-01 17:07:25	732695379288961026	Artisans_Cartos	01	_	
1323260990679646209	2020-11-02 13:49:39	732695379288961026	Artisans_Cartos	02	_	
1323381930293907456	2020-11-02 21:50:14	372944125	Asgerpetersen	02	_	
1322780629440831491	2020-11-01 06:00:52	950089955753250816	assesslife	01	https://github.com/JoseEchave/tidy-tuesdays/blob/master/2020/week_9_measles/measles.Rmd	Showing the different approaches in USA when it comes to measles and vaccinations.
1323143447486861314	2020-11-02 06:02:35	950089955753250816	assesslife	02	_	
1323283863074951169	2020-11-02 15:20:33	6408382	astronomyblog	01	_	
1323286539770744834	2020-11-02 15:31:11	6408382	astronomyblog	02	_	
1323672004369809408	2020-11-03 17:02:53	6408382	astronomyblog	03	_	#30DayMapChallenge day 3 (polygons): I took the 2019 school census dataset from @DataMillNorth https://t.co/2c6OzDvTd6 and mapped pupils who are eligible for free school meals using my CSV2GeoJSON tool https://t.co/M6HwDIYg2Z
1323250323234971648	2020-11-02 13:07:16	821629886	astuntech	02	_	
1323447639623430144	2020-11-03 02:11:20	172323510	atstyan	02	_	
1322797202494861312	2020-11-01 07:06:44	938055192221765634	AurelienChaumet	01	_	Comparison of different scales of distribution of the census by population cell: municipality, grid and building. 1st example : Charente-Maritime d√©partement
1323324502609186817	2020-11-02 18:02:02	938055192221765634	AurelienChaumet	02	_	
1323002953331101696	2020-11-01 20:44:18	1460179340	Austromum	01	_	
1323366700809658368	2020-11-02 20:49:43	1460179340	Austromum	02	_	
1323599388913131520	2020-11-03 12:14:20	25663399	azolnai	01	_	
1323664176213069826	2020-11-03 16:31:46	25663399	azolnai	03	_	
1322824722405597184	2020-11-01 08:56:05	1273667699374260224	balt_ti	01	_	Stations colored according to official subway scheme with interchange stations colored grey
1323106208430149632	2020-11-02 03:34:36	1273667699374260224	balt_ti	02	_	
1322930222728155137	2020-11-01 15:55:18	996371006519496705	BellMenna	01	_	
1323298798307868672	2020-11-02 16:19:53	996371006519496705	BellMenna	02	_	
1322910136235630592	2020-11-01 14:35:29	414943174	benfriin	01	_	
1323220477733724160	2020-11-02 11:08:40	414943174	benfriin	02	_	
1323595005819277314	2020-11-03 11:56:55	414943174	benfriin	03	_	
1323042145255698449	2020-11-01 23:20:03	3641471067	BertrandHoud	01	_	
1323265748765204484	2020-11-02 14:08:34	3641471067	BertrandHoud	02	_	
1323288492919590912	2020-11-02 15:38:56	929981776834863104	bhupathi_boom	01	_	
1323308694361157632	2020-11-02 16:59:13	929981776834863104	bhupathi_boom	02	_	
1323237035814068224	2020-11-02 12:14:28	1074378707438055426	BlandfordBread	02	_	The route of the Lord Melville, the first all-female convict ship, departed from Gravesend in August 1816 (the year with no summer) and arrived in Port Jackson in February 1817.
1322996583693246464	2020-11-01 20:19:00	2734608876	bobackiel	01	_	
1323404099434536960	2020-11-02 23:18:19	2734608876	bobackiel	02	_	
1323090719553191936	2020-11-02 02:33:04	918661859489779712	bobbij_gis	01	_	
1323407578076831745	2020-11-02 23:32:08	918661859489779712	bobbij_gis	02	_	
1322956345381920769	2020-11-01 17:39:06	4437731176	Bobolica_	01	_	
1322871419164872708	2020-11-01 12:01:38	65125461	bplmaps	01	_	
1323271757965479936	2020-11-02 14:32:26	65125461	bplmaps	02	_	
1322865851066966017	2020-11-01 11:39:31	1091711968401154048	BrianSosban	01	_	
1323210816594841601	2020-11-02 10:30:17	1091711968401154048	BrianSosban	02	_	
1322841843663556608	2020-11-01 10:04:07	14503015	bricker	01	_	Find the nearest castle in the Netherlands
1322799493763530753	2020-11-01 07:15:50	791292018	BrittLonneville	01	_	The Continuous Plankton Recorder Survey is the largest marine ecological survey in the world. Check out where @thembauk has taken this epic equipment or dive even deeper into the data which is also accessible from @EurOBIS_VLIZ and @EMODnet ü§ø
1323341455742685185	2020-11-02 19:09:24	791292018	BrittLonneville	02	_	
1323013159087607809	2020-11-01 21:24:52	3119341725	Brown_GIS	01	_	
1323282536114622466	2020-11-02 15:15:16	3119341725	Brown_GIS	02	_	
1323105494106578947	2020-11-02 03:31:46	128804246	brunmuska	01	_	
1323311417521557504	2020-11-02 17:10:02	128804246	brunmuska	02	_	Hello Chandigarh Roads. Thanks for reminding us what  India can achieve when there is a will to plan and implement the plans. Chandigarh is a stark visual outlier with its even and perfectly squared road network.
1323257524678774785	2020-11-02 13:35:53	52190652	burdGIS	02	_	
1323061441180610560	2020-11-02 00:36:43	731808469301493760	BZgeo	01	_	
1323467408435257345	2020-11-03 03:29:53	731808469301493760	BZgeo	02	_	
1323330338467307520	2020-11-02 18:25:13	850469658679496705	Camerongreen_96	01	_	
1323344123118702602	2020-11-02 19:20:00	850469658679496705	Camerongreen_96	02	_	
1322944000249286656	2020-11-01 16:50:03	4803755441	canonicalizedco	01	_	
1323276971250515969	2020-11-02 14:53:09	4803755441	canonicalizedco	02	_	
1323637699744538624	2020-11-03 14:46:34	4803755441	canonicalizedco	03	_	
1323079652550811648	2020-11-02 01:49:05	2372331457	carlosrpz_	01	_	In CDMX there are 99 public places with free WIFI connection. Source: datos abiertos cdmx
1323301063349383168	2020-11-02 16:28:53	1052923018564038660	Carto_ALex	02	_	
1322940700770656259	2020-11-01 16:36:56	62923483	carvalho_c_urb	01	_	
1322918884991733766	2020-11-01 15:10:15	579246246	cas_maps	01	_	Lighthouses of Great Britain
1323423923720118274	2020-11-03 00:37:06	579246246	cas_maps	02	_	
1323353623905095682	2020-11-02 19:57:45	4252872793	CassClouston	02	_	
1323337832052776963	2020-11-02 18:55:00	711926891590979586	ChekosWH	02	_	
1323463146443431937	2020-11-03 03:12:57	3281440274	chinmay_deval	02	_	
1324138467555770369	2020-11-04 23:56:26	1280909342745800710	ChrisLyons26	06	_	Optimized Hot Spot Analysis of ‚Äúred tide‚Äù harmful algae blooms recorded events from 2015 to present along the coast of Florida. Data from FWC.
1322853956536721410	2020-11-01 10:52:15	996835888813494272	cj_maps	01	_	
1323188132016201728	2020-11-02 09:00:08	996835888813494272	cj_maps	02	_	
1323562533433839618	2020-11-03 09:47:53	996835888813494272	cj_maps	03	_	Hunting out new and interesting data sources is another great part of this challenge! Yesterday I came across @protectedplanet WDPA Protected Areas data so made some quick #QGIS maps
1323337947937230855	2020-11-02 18:55:27	1298356315018993666	clintyMw	01	_	
1323581901387358209	2020-11-03 11:04:50	4273148897	cmhc23	02	_	The map displays a 3 year history of cyclone tracks in the region. Cyclone tracks from ibtracs.
1324138830455214080	2020-11-04 23:57:53	4273148897	cmhc23	03	_	Reef and MPAs for the Pacific.
1323137359156662278	2020-11-02 05:38:23	1061337403795791872	cmjonestodd	02	_	
1323182623431315470	2020-11-02 08:38:15	191950318	ConorGleeson12	02	_	
1323134195925807110	2020-11-02 05:25:49	1193324083376619520	courtney_geo	01	_	
1323453417306517505	2020-11-03 02:34:17	1193324083376619520	courtney_geo	02	_	
1322967232943673344	2020-11-01 18:22:22	333524694	CRVanPollard	01	_	
1323300920441163779	2020-11-02 16:28:19	333524694	CRVanPollard	02	_	
1323734047982555136	2020-11-03 21:09:25	906170836989747200	Crys_Conway	01	_	
1323734749299572737	2020-11-03 21:12:12	906170836989747200	Crys_Conway	02	_	
1323112540172394496	2020-11-02 03:59:46	840369042632396800	cstats1	01	_	
1323256819523923971	2020-11-02 13:33:05	840369042632396800	cstats1	02	_	
1323793538769969159	2020-11-04 01:05:49	840369042632396800	cstats1	03	_	California State borders made with #usgs elevation data using the incredible R rayshader package
1324114711516950529	2020-11-04 22:22:02	840369042632396800	cstats1	04	_	California elevations built with rayshader in R
1323096309583273985	2020-11-02 02:55:16	1280182018656088064	cullen_carto	01	_	
1323073165862514688	2020-11-02 01:23:18	1200892211996635139	DanaeKontou	01	_	
1323444519774298112	2020-11-03 01:58:56	1200892211996635139	DanaeKontou	02	_	
1324135805779148802	2020-11-04 23:45:52	1200892211996635139	DanaeKontou	04	_	Narwhals are real! Monoceros/Unicorn Whales of the Arctic Sea, described in myths and arctic indigenous tales, these creatures have a very long tusk (which is actually their upper left tooth!)
1322854560726175746	2020-11-01 10:54:39	1085107832314310656	dandanduhnnnn	01	_	I've gone for Road traffic accidents in Central London per LSOA centroid - finished off with a little helping of @sarahbellmaps BellTopo Sans.
1323304345228713984	2020-11-02 16:41:56	1085107832314310656	dandanduhnnnn	02	_	
1323105652856836096	2020-11-02 03:32:24	14344140	darenw	01	_	
1323336579751006210	2020-11-02 18:50:01	14344140	darenw	02	_	
1323015644489617411	2020-11-01 21:34:44	14848469	darioingiusto	01	_	
1323223462152949760	2020-11-02 11:20:32	14848469	darioingiusto	02	_	
1323216612615286785	2020-11-02 10:53:19	2905624932	darwinanddavis	01	_	
1323548991783514112	2020-11-03 08:54:04	2905624932	darwinanddavis	02	_	
1323413807159541760	2020-11-02 23:56:54	1318518242080661504	dataisawesomeo	01	_	
1323725487726874625	2020-11-03 20:35:24	1318518242080661504	dataisawesomeo	02	_	
1323468378024124420	2020-11-03 03:33:44	799989757472374784	DavidNg96191301	01	_	
1323855086934724608	2020-11-04 05:10:23	799989757472374784	DavidNg96191301	02	_	
1323227507382996993	2020-11-02 11:36:36	424357259	dbgoody	01	_	#points #Hexagon #MAppEnterprise
1323233457754066944	2020-11-02 12:00:15	424357259	dbgoody	02	_	
1323559268260499456	2020-11-03 09:34:54	424357259	dbgoody	03	_	GB Districts with 'land' in their name. Data courtesy @undertheraedar & @OrdnanceSurvey
1323008624785039365	2020-11-01 21:06:51	702335393522425856	deboleenam5	01	_	
1323390187418902529	2020-11-02 22:23:02	702335393522425856	deboleenam5	02	_	
1322859560286199809	2020-11-01 11:14:31	1081900377853829120	dgplacenames	01	_	
1323350459445350401	2020-11-02 19:45:10	1081900377853829120	dgplacenames	02	_	
1322882220823072769	2020-11-01 12:44:34	113671424	Di_dyne	01	_	
1322996652542668800	2020-11-01 20:19:16	633596180	dickoah	01	_	
1323198013863546880	2020-11-02 09:39:24	633596180	dickoah	02	_	
1322900054970163200	2020-11-01 13:55:26	895213223724666880	dr_xeo	01	_	
1323215332425768960	2020-11-02 10:48:14	895213223724666880	dr_xeo	02	_	
1322994476785258498	2020-11-01 20:10:37	3160198320	DrChrisGeoSci	01	_	
1323284746689007621	2020-11-02 15:24:03	3160198320	DrChrisGeoSci	02	_	
1322977725603262465	2020-11-01 19:04:04	145683389	DrGeoffSmith	01	_	
1323236294345064448	2020-11-02 12:11:31	145683389	DrGeoffSmith	02	_	
1322947067828994055	2020-11-01 17:02:14	1233423602948694017	DrNicNacks	01	_	
1323300642937516033	2020-11-02 16:27:13	1233423602948694017	DrNicNacks	02	_	
1322850750133866497	2020-11-01 10:39:30	1228659691355590656	dusziv	01	_	
1323220900074999809	2020-11-02 11:10:21	1228659691355590656	dusziv	02	_	
1322849804351844358	2020-11-01 10:35:45	238730325	DVDMaps	01	_	Temperature reductions in Iceland during the solar eclipse, 20 March 2015
1323202500007235585	2020-11-02 09:57:14	238730325	DVDMaps	02	_	
1322997984796266497	2020-11-01 20:24:34	92787154	e2molin	01	_	
1323325771885236225	2020-11-02 18:07:04	92787154	e2molin	02	_	
1323777937208987648	2020-11-04 00:03:49	1146772513051041792	EbingerSamara	03	_	I mapped the buildings in Manchester, New Hampshire's Historic Millyard using the mood-enhancing @John_M_Nelson Felt Style.
1322888727094546434	2020-11-01 13:10:25	332567823	Edgards04	01	_	
1323262665377091584	2020-11-02 13:56:19	332567823	Edgards04	02	_	
1323300976472825856	2020-11-02 16:28:33	1175013627235098626	ehab_hessy	02	_	
1323724626556571650	2020-11-03 20:31:59	1168149476550332416	ElevationApi	02	_	
1322879594941349897	2020-11-01 12:34:08	928571635829035009	EllipSIG	01	_	
1323295193190277126	2020-11-02 16:05:34	45565875	emilmalta	02	_	
1323249626863050752	2020-11-02 13:04:30	42470250	erin_caughey	01	_	
1323472662543409152	2020-11-03 03:50:46	42470250	erin_caughey	02	_	
1322885986188169216	2020-11-01 12:59:31	1171647271928307712	ErwanRivault	01	_	
1323224770062766080	2020-11-02 11:25:44	1171647271928307712	ErwanRivault	02	_	
1322864485384802309	2020-11-01 11:34:05	1000055398697709569	est987	01	_	I am fascinated by water so for the point day, I decided to make a map of all the springs and boreholes according to Israel's Water Authority. They're not necessarily flowing or active, but even so, a lot to learn about the geohydrology of the region here.
1323331823800406020	2020-11-02 18:31:07	1000055398697709569	est987	02	_	
1322690000652247041	2020-11-01 00:00:45	398047935	F00o00d	01	_	A simple map shows the population of child under 5 years old in ALBAHA province, KSA.
1322901168570454016	2020-11-01 13:59:51	148715617	fede_gaspari	01	_	
1323308519827873792	2020-11-02 16:58:31	148715617	fede_gaspari	02	_	
1323355286145536000	2020-11-02 20:04:21	958347904510410753	FelipeDantasPI	01	_	
1323355559316410368	2020-11-02 20:05:26	958347904510410753	FelipeDantasPI	02	_	
1323676895456731137	2020-11-03 17:22:19	925667303777325056	FrancescaPontin	02	_	
1323180026607579136	2020-11-02 08:27:56	847872828267536386	Franck_Akouete	01	_	
1323004667207413760	2020-11-01 20:51:07	841465160187428866	fritzGIS	01	_	
1323492215851642881	2020-11-03 05:08:28	841465160187428866	fritzGIS	02	_	
1323336347206275072	2020-11-02 18:49:06	24275407	Fuertebrazos	02	_	
1322824856849862656	2020-11-01 08:56:37	2367649759	Gaelle_Sutton	01	_	Hawaii's lighthouses
1322942461753307142	2020-11-01 16:43:56	1585404372	gartn001	01	_	
1323314393308954630	2020-11-02 17:21:52	1585404372	gartn001	02	_	
1322984829835571200	2020-11-01 19:32:17	1068081944364109824	Generally_Geo	01	_	
1322975085184098305	2020-11-01 18:53:34	22022797	Geo__Don	01	_	It's points today, correct?
1322913473974706176	2020-11-01 14:48:45	908818700660236288	geo_alyaqout	01	_	
1323282797100961795	2020-11-02 15:16:18	908818700660236288	geo_alyaqout	02	_	
1323322972136943617	2020-11-02 17:55:57	54516098	geobach_za	01	_	
1323085683033055233	2020-11-02 02:13:03	2493409233	geocarta	01	_	Africa Global Terrorism Database 1970-2018
1323384526316412930	2020-11-02 22:00:33	2493409233	geocarta	03	_	Africa Global Terrorism Database 1970-2018; Donn√©es Actualis√©es
1322870996894961664	2020-11-01 11:59:58	2280343142	geodatascience	01	_	
1323233395783196672	2020-11-02 12:00:00	2280343142	geodatascience	02	_	
1323035854563119105	2020-11-01 22:55:03	1002212251	geokaramanis	01	_	
1323367442199007233	2020-11-02 20:52:39	1002212251	geokaramanis	02	_	
1323336955812302851	2020-11-02 18:51:31	2719547953	geologyjesse	01	_	
1323396971709845504	2020-11-02 22:50:00	2719547953	geologyjesse	02	_	
1322891561751908353	2020-11-01 13:21:41	1179290044655235072	GeoNerdish	01	_	
1323288596099469313	2020-11-02 15:39:21	1179290044655235072	GeoNerdish	02	_	
1322966894698065921	2020-11-01 18:21:01	1154257288158298112	geoscentricos	01	_	
1323337372747010048	2020-11-02 18:53:10	1154257288158298112	geoscentricos	02	_	
1322868212455886849	2020-11-01 11:48:54	88731801	geospacedman	01	_	Here's a map of every UK location named something-Point from GeoNames.
1323564558745800704	2020-11-03 09:55:56	88731801	geospacedman	03	_	The Disunited States of America.
1322965394328604673	2020-11-01 18:15:04	1322964052142936066	GeospatialJ	01	_	
1323621857162104837	2020-11-03 13:43:37	1322964052142936066	GeospatialJ	02	_	
1322813353052438529	2020-11-01 08:10:54	3005542459	geotologist	01	_	A nation defined by its people.
1323165257288740865	2020-11-02 07:29:15	3005542459	geotologist	02	_	
1323559525295755264	2020-11-03 09:35:56	3005542459	geotologist	03	_	This is a play on fractals and the other united colors of... Arguably more graphic than a map.
1323354886885404673	2020-11-02 20:02:46	1216647489576734721	GeotoZee	01	_	
1323504049354874880	2020-11-03 05:55:29	1216647489576734721	GeotoZee	02	_	
1323254968216920064	2020-11-02 13:25:43	20835247	germp	02	_	
1322915700038664194	2020-11-01 14:57:36	919806358328958976	gis3700	01	_	
1323318044110823429	2020-11-02 17:36:22	919806358328958976	gis3700	02	_	
1322855600263409667	2020-11-01 10:58:47	1319708430316261376	giurugg	01	_	
1323191033539239937	2020-11-02 09:11:40	1319708430316261376	giurugg	02	_	
1323350715411156997	2020-11-02 19:46:11	572256579	gkankia	01	_	
1322970456161312768	2020-11-01 18:35:11	2537792462	GokulAnand_	01	_	
1322996244655071232	2020-11-01 20:17:39	14992557	gontsa	01	_	
1323189801189842946	2020-11-02 09:06:46	14992557	gontsa	02	_	
1323087071548944387	2020-11-02 02:18:34	43331985	gonzalotalavera	01	_	
1322927341606260738	2020-11-01 15:43:51	56612205	hannahdormido	01	_	
1323677123173777408	2020-11-03 17:23:13	56612205	hannahdormido	02	_	
1322852573444014080	2020-11-01 10:46:45	760094405369946112	hansakwast	01	_	
1323214793667432448	2020-11-02 10:46:05	760094405369946112	hansakwast	02	_	
1322955409880240130	2020-11-01 17:35:23	51414990	HarelDan	01	_	
1322864211383508999	2020-11-01 11:33:00	1499547780	HeikkiVesanto	01	_	
1323281021371142152	2020-11-02 15:09:15	1499547780	HeikkiVesanto	02	_	
1323556624888463360	2020-11-03 09:24:24	1499547780	HeikkiVesanto	03	_	This year @osm_ie launched the #osmIRL_buildings project, to map every building in Ireland. Four counties are already completed. This month they are publishing a mapping task every day. Great time to contribute to your #OpenStreetMap community.
1322959001517248514	2020-11-01 17:49:40	1101617286	Helenmckmck	01	_	
1323332796342030336	2020-11-02 18:34:59	1101617286	Helenmckmck	02	_	
1322877679042002944	2020-11-01 12:26:31	261631571	hendrikxleo	01	_	
1323259101804138497	2020-11-02 13:42:09	261631571	hendrikxleo	02	_	
1322994612726882304	2020-11-01 20:11:10	54696312	Hevski17	01	_	
1323186755676344320	2020-11-02 08:54:40	54696312	Hevski17	02	https://www.google.com/maps/d/viewer?mid=1kaToGyHJzib1-0KmTTW2FnoveOeTPdhW&ll=56.03042723729504%2C-4.2073205000000025&z=11	Some of my favorite #roadcycling routes in my area, made with google maps using gpx files from Strava
1323551429626396673	2020-11-03 09:03:45	54696312	Hevski17	03	_	Greenspace sites in #Glasgow city and surrounding area
1322976061735526412	2020-11-01 18:57:27	2574612668	hireuter	01	_	
1323358894232666120	2020-11-02 20:18:41	2574612668	hireuter	02	_	Line work (pointstopath) of address records from Day 1 - (1/2)
1311742735167238149	2020-10-01 19:00:13	14913762	hurricanevicky	01		I was so excited to participate in the #30DayMapChallenge I totally missed that it starts in November and not, like, right now. Uh. Maybe you want to know how close you are to a ballot drop box anyway?
1323472740054163456	2020-11-03 03:51:04	14913762	hurricanevicky	02	_	
1323337271588790273	2020-11-02 18:52:46	1851147889	iamSimon_A	02	_	
1323091577804345349	2020-11-02 02:36:28	964654430	iamwfx	01	_	
1323392191239245825	2020-11-02 22:31:00	964654430	iamwfx	02	_	
1322875318953250818	2020-11-01 12:17:08	759988092	Iawmatthew	01	_	
1323209490448134145	2020-11-02 10:25:01	759988092	Iawmatthew	02	_	
1322952919898050560	2020-11-01 17:25:30	77265423	ijturton	01	_	
1323204622157287426	2020-11-02 10:05:40	77265423	ijturton	02	_	
1323559667684040704	2020-11-03 09:36:29	77265423	ijturton	03	_	Topical map for today's election or why counties are a bad base unit for anything. These maps have the same style so you can see why if you live in a green state no one bothers to campaign there as there are several counties that are bigger.
1322886067498835968	2020-11-01 12:59:51	187171010	IKEDA_02	01	_	
1323237677940944897	2020-11-02 12:17:01	187171010	IKEDA_02	02	_	
1323275815354773505	2020-11-02 14:48:34	963423777135759360	ilyankou	02	_	
1322930658675576833	2020-11-01 15:57:02	229710576	imDebanjan	01	_	
1323316042320367617	2020-11-02 17:28:25	229710576	imDebanjan	02	_	
1322890874615902209	2020-11-01 13:18:57	527879669	inari_ta	01	https://irenedelatorrearenas.wordpress.com/2020/11/01/mapnovember-2020-points/	I used data from @openstreetmap and #QGIS to visualize schools in Europe. It kind of displays the population density of children and teenagers in the continent.
1323320844635066369	2020-11-02 17:47:30	527879669	inari_ta	02	_	
1323106406627770371	2020-11-02 03:35:24	1169454493	IneffectiveMath	01	_	
1323275148011720705	2020-11-02 14:45:55	1169454493	IneffectiveMath	02	_	
1323064672560451584	2020-11-02 00:49:33	706886609598283776	ivelasq3	01	_	
1323316884817805312	2020-11-02 17:31:46	457462538	jackffrench	02	_	
1324090208657252354	2020-11-04 20:44:40	457462538	jackffrench	04	_	Nice simple map today showing percentage of people who can speak Irish around Ireland broken down into 10km Hexagons.
1323236779642769409	2020-11-02 12:13:27	43089947	JamesGABrown	01	_	
1322839414414999553	2020-11-01 09:54:28	3331095159	JanPhilippKolb	01	https://github.com/Japhilko/maps_challenge/blob/main/rcode/maps_challenge_day1_points.R	
1323139670042152962	2020-11-02 05:47:34	3331095159	JanPhilippKolb	02	_	
1322912491127660544	2020-11-01 14:44:51	240069436	jh550	01	_	
1323277598319906816	2020-11-02 14:55:39	240069436	jh550	02	_	
1322949110538756097	2020-11-01 17:10:21	815911984788951040	Jingrong_Zhang	01	_	
1323481020222656512	2020-11-03 04:23:58	269308570	JkariukiDev	02	_	
1322887104964317189	2020-11-01 13:03:58	1041729951903432704	JLecache	01	_	
1323347229499920384	2020-11-02 19:32:20	1041729951903432704	JLecache	02	_	
1323017743969472512	2020-11-01 21:43:05	711999226381737984	jmatics	01	_	
1323291994920263681	2020-11-02 15:52:51	711999226381737984	jmatics	02	_	
1322893478146297856	2020-11-01 13:29:18	65064975	jmccarty_geo	01	_	
1323233593393643521	2020-11-02 12:00:47	65064975	jmccarty_geo	02	_	
1323347949389230081	2020-11-02 19:35:12	314881866	JoeWDavies	02	_	
1323056409307729921	2020-11-02 00:16:43	1320558778417401861	JoFMolano	01	_	
1324061509278932993	2020-11-04 18:50:38	1320558778417401861	JoFMolano	02	_	
1323843756118827008	2020-11-04 04:25:21	1491031412	JPeterPeters	02	_	
1323027699133153280	2020-11-01 22:22:38	831942603931127809	jstnbraaten	01	_	
1323285659163897856	2020-11-02 15:27:41	831942603931127809	jstnbraaten	02	_	
1322926229096464385	2020-11-01 15:39:26	2380934868	Juanizio_C	01	_	"Map of Chile with the location and average annual flow (lts / sec) of the water rights capture points in Chile (yes, we are the only country with privatized water). ""It is not drought, it is looting"""
1323242372080218112	2020-11-02 12:35:40	2380934868	Juanizio_C	02	_	Map of the entire hydrographic network of Chile , perfect complement to the map of day 1 and to other maps on environmental conflict and urban development.
1322808983283879937	2020-11-01 07:53:32	256783357	juanluistv_	01	_	Map of the world in polyconical projection with no lines, based on @tjukanov's pencilish and @John_M_Nelson's pencil and ink styles. Data from naturalearthdata.com
1323777149027995653	2020-11-04 00:00:41	14153272	JulianaMapper	03	_	Today we looked at gerrymandering in the state of Illinois.
1322860346298802177	2020-11-01 11:17:38	233525664	JulienQuotidien	01	_	
1323299669192167424	2020-11-02 16:23:21	233525664	JulienQuotidien	02	_	
1322902714498646017	2020-11-01 14:06:00	413975678	Jumbostation	01	_	
1323188099212607488	2020-11-02 09:00:01	413975678	Jumbostation	02	_	
1322880224338403331	2020-11-01 12:36:38	3195365733	Junevgt	01	_	Map showing the places of accidents in Paris according to public lighting. Data: https://opendata.paris
1322756313948938243	2020-11-01 04:24:15	47001569	k_zoar	01	_	I visualized the shelter in my city and using Leaflet.js and D3.js. Point data is Kawagoe City shelter open data, basemap is OpenStreetMap.
1323116122149806082	2020-11-02 04:14:00	47001569	k_zoar	02	_	
1323013017890672655	2020-11-01 21:24:18	707236699659755521	kaisitah	01	_	
1323199202726391816	2020-11-02 09:44:08	19331692	kanedr	01	_	
1323223533993025538	2020-11-02 11:20:49	19331692	kanedr	02	_	
1323251839840755712	2020-11-02 13:13:18	1189967197730430977	Kartokobri	02	_	
1323289989782728705	2020-11-02 15:44:53	985921631439568896	Kenneth_KHW	02	_	
1322965333318094848	2020-11-01 18:14:49	20668314	kennethfield	01	_	
1323292809072308224	2020-11-02 15:56:05	20668314	kennethfield	02	_	
1323006716703920129	2020-11-01 20:59:16	275677658	kgjenkins	01	_	
1323324263605145602	2020-11-02 18:01:05	275677658	kgjenkins	02	_	
1322748863854206977	2020-11-01 03:54:39	29162437	kjsime	01	_	A love story about pies.
1323067769923928064	2020-11-02 01:01:52	29162437	kjsime	02	_	
1323447507616206849	2020-11-03 02:10:48	748241041019527169	kkakey_	01	_	
1324026514086776833	2020-11-04 16:31:34	748241041019527169	kkakey_	02	_	
1323170083297001478	2020-11-02 07:48:25	1413024271	Koen_VdE	02	_	
1323589634006409216	2020-11-03 11:35:34	1413024271	Koen_VdE	03	_	I choose you, Pentagon!
1322841058934489089	2020-11-01 10:01:00	1024584556110852096	KonturInc	01	_	If it seems that all you have is a handful of points @KonturInc can get your data enriched and provide insights on service areas, delivery time, population, or even expected profit for your business.
1323242807394553858	2020-11-02 12:37:24	1024584556110852096	KonturInc	02	_	
1322914091082698758	2020-11-01 14:51:12	461965493	kriksine	01	_	
1322980179577171968	2020-11-01 19:13:49	851149914725916672	ksituan	01	_	
1323218356804136960	2020-11-02 11:00:15	54558837	kushtrimvisoka	01	_	
1323460456749568001	2020-11-03 03:02:16	197689783	kylie_donia	01	_	
1323479197189173249	2020-11-03 04:16:44	197689783	kylie_donia	02	_	
1322798885778214912	2020-11-01 07:13:25	892006500	lacxrx	01	_	Dairy herd type in France
1323379714409582592	2020-11-02 21:41:25	734297005846081536	LandEthics	02	_	
1322949878180421633	2020-11-01 17:13:24	751148918	lecartographe	01	_	
1323208657543286784	2020-11-02 10:21:42	751148918	lecartographe	02	_	
1322962263926558720	2020-11-01 18:02:37	279084729	lemuscanovas	01	_	
1323211962466078721	2020-11-02 10:34:50	279084729	lemuscanovas	02	_	
1322999556901081089	2020-11-01 20:30:49	509794262	Lene_Fischer	01	_	
1323223286327771137	2020-11-02 11:19:50	509794262	Lene_Fischer	02	_	
1323357991886680065	2020-11-02 20:15:06	384907052	Letyludigital	02	_	
1323263480951164928	2020-11-02 13:59:33	966993762	lilyhoutman	01	_	
1323628498477551625	2020-11-03 14:10:00	1076222694	lioneltodome	01	_	
1323749397130346496	2020-11-03 22:10:25	1076222694	lioneltodome	02	_	
1322831213208440833	2020-11-01 09:21:52	227618482	LuisAguilarCruz	01	_	Catalonia population
1323345345162694658	2020-11-02 19:24:51	227618482	LuisAguilarCruz	02	_	
1322836184821833728	2020-11-01 09:41:38	3011804639	lxndrkp	01	https://alexandrakapp.github.io/30daymapchallenge/index.html	All +80.000 registered cars in XHain mapped onto the streets
1323166665195048965	2020-11-02 07:34:50	3011804639	lxndrkp	02	_	
1323021521456160769	2020-11-01 21:58:05	58158991	m_dizayee	01	_	
1323372396347314177	2020-11-02 21:12:21	58158991	m_dizayee	02	_	
1323393958240788487	2020-11-02 22:38:01	163493843	MaelleAMM	02	_	
1322941728853172224	2020-11-01 16:41:01	1320970592439259136	MAHESHK92842090	01	_	
1323271236919549952	2020-11-02 14:30:22	1320970592439259136	MAHESHK92842090	02	_	
1322642620779147264	2020-10-31 20:52:28	1310659130290388992	MapHustle	01	_	Populated Places - New Zealand. Unified English Braille
1322878648580538370	2020-11-01 12:30:22	437801734	MapsByAntonia	01	_	
1323186920697040896	2020-11-02 08:55:20	437801734	MapsByAntonia	02	_	
1322885827765174272	2020-11-01 12:58:54	889150492751925250	MapStorms	01	_	
1323245147983876096	2020-11-02 12:46:42	889150492751925250	MapStorms	02	_	#MelchiorBolstra, Map of #Haarlemmermeer, Amsterdam: Hendrik de Leth, c. 1740. The dotted lines show the outlines of the lake from 1531 to 1740. Because of its growth, the lake was nicknamed 'Waterwolf'.
1323167043580026880	2020-11-02 07:36:21	510774054	marcel__dekker	02	_	
1322864448269373440	2020-11-01 11:33:56	1669906789	MarcoMinghini	01	_	The proximity of Rome's population to cultural venues.
1323231370731167745	2020-11-02 11:51:57	1669906789	MarcoMinghini	02	_	
1322993051682410511	2020-11-01 20:04:58	14707170	MartinBangratz	01	_	
1323384822199451648	2020-11-02 22:01:43	14707170	MartinBangratz	02	_	
1323213562836340736	2020-11-02 10:41:12	253102706	martinfernandoo	02	_	Map of flow of trips by bus that we did with @chicajuntada. We use a bit of R to process the data, and then QGIS (geometry generator to bend the lines since they are only source - destination and add blend mode)
1323149306719711233	2020-11-02 06:25:52	2388248707	MattHaul1	01	_	
1322832759975514120	2020-11-01 09:28:01	1466897384	MattiJKokkonen	01	_	Connect the dots (points) and you'll get a map  of which European island?
1323167458098896904	2020-11-02 07:37:59	1466897384	MattiJKokkonen	02	_	
1322792264632995840	2020-11-01 06:47:06	1288862246416732160	MdZakariaHasan7	01	_	Shelter centre of Bangladesh Coastal Region.
1322843698946736129	2020-11-01 10:11:29	1226081200214814721	meandmaps	01	https://maps.meandmaps.com/30daymapchallenge/1/	The world is made of small particules.
1323172552777367555	2020-11-02 07:58:14	1226081200214814721	meandmaps	02	_	
1323139800573104128	2020-11-02 05:48:05	30791287	MiaDP	01	_	
1323533607542116352	2020-11-03 07:52:56	2782755278	MichaelDorman84	03	_	"""Voronoi polygons of a regular grid"" I'm going for simple designs with minimal investment :-)"
1322998308860669952	2020-11-01 20:25:51	1098200774990020610	mickaelmarchese	01	_	
1323298082684051458	2020-11-02 16:17:03	1098200774990020610	mickaelmarchese	02	_	
1323309364153847812	2020-11-02 17:01:52	12620762	MikeCoatsDotCom	01	_	
1323378996986417153	2020-11-02 21:38:34	12620762	MikeCoatsDotCom	02	_	
1323673172357492737	2020-11-03 17:07:31	2184556843	mikejschmidty	02	_	
1323277182555271169	2020-11-02 14:54:00	942194832491122688	MikeMahoney218	02	_	
1323632272143081473	2020-11-03 14:25:00	942194832491122688	MikeMahoney218	03	_	I'll be fully honest, my mind is entirely on the US election today, so here's a map (made on fivethirtyeight.com) with what I view as the most-likely-map once all the votes are counted.
1322887765370044416	2020-11-01 13:06:35	1272146417323294721	MindOverMagma	01	_	
1323563060389400576	2020-11-03 09:49:58	1272146417323294721	MindOverMagma	03	https://twitter.com/MindOverMagma/status/1323565318854320133	Progression of lava flows during the 2018 Puna eruption of Kilauea. @USGS @USGSVolcanoes data.
1322878812187754505	2020-11-01 12:31:01	736009987	MiniTigri	01	_	
1323310491075256321	2020-11-02 17:06:21	736009987	MiniTigri	02	_	
1322959665085452290	2020-11-01 17:52:18	570767951	mirzacengic	01	_	
1323350008687714304	2020-11-02 19:43:23	570767951	mirzacengic	02	_	
1322966133645938693	2020-11-01 18:18:00	1311757794417283072	mjezwysoko	01	_	
1323373435960119298	2020-11-02 21:16:28	617684254	Mjstoroz	02	_	
1323914698316640256	2020-11-04 09:07:15	617684254	Mjstoroz	04	_	
1323012924777123841	2020-11-01 21:23:56	222228205	mmdolbow	01	_	
1323284300507262977	2020-11-02 15:22:17	222228205	mmdolbow	02	_	
1322710477462360064	2020-11-01 01:22:07	1056888822942711808	mmits003	01	_	Earthquakes from 1959 to 2020. Data from USGS and OpenStreetMap contributors
1322995723441504257	2020-11-01 20:15:35	2224550306	Monk_Po	01	_	
1323166305852170240	2020-11-02 07:33:25	133541065	mr_ericgoodwin	01	_	
1324140549817905154	2020-11-05 00:04:43	133541065	mr_ericgoodwin	04	_	"I first studied the ""Ring of Fire"" in an intro college geography class, and decided to represent it in hexagons. Earthquakes: 1900-2017 HIFLD data (0-70km depth quakes). Basemap: OSM, Natural Earth Data coastlines"
1323622314949464065	2020-11-03 13:45:26	61612315	MrNSheehan	01	_	
1323622325678460929	2020-11-03 13:45:28	61612315	MrNSheehan	02	_	
1322815767004565504	2020-11-01 08:20:30	1196527997613940736	MRuehringer	01	_	A pointless #map. Source: Natural Earth.
1324078706873294851	2020-11-04 19:58:58	1109071770814951424	Ms_Pixels	01	_	
1322983462471573504	2020-11-01 19:26:51	1137139989744144390	my_physical	01	_	
1323290809332985856	2020-11-02 15:48:09	1137139989744144390	my_physical	02	_	
1323205559676555264	2020-11-02 10:09:24	5159271	napo	01	_	
1323206803610619904	2020-11-02 10:14:20	5159271	napo	02	_	
1323270878151479296	2020-11-02 14:28:57	782161298	Neil_py_harris	02	_	Eelevation in tyne and wear
1323555540266602498	2020-11-03 09:20:05	782161298	Neil_py_harris	03	_	
1322943603057057793	2020-11-01 16:48:28	21752435	neilcharles_uk	01	_	
1323326276577492999	2020-11-02 18:09:05	21752435	neilcharles_uk	02	_	
1323024470278361091	2020-11-01 22:09:48	703959796119179264	nelio_matos	01	https://sites.google.com/view/ageing-population/	Distribution of the UK population - aged less than 65 and 65 & over
1323203143140810752	2020-11-02 09:59:47	1035417413586694144	neocartocnrs	01	_	
1323211638842007554	2020-11-02 10:33:33	1035417413586694144	neocartocnrs	02	_	
1322858635962187776	2020-11-01 11:10:50	810141913248649216	NguynQu59656951	01	_	
1323104178365820928	2020-11-02 03:26:32	810141913248649216	NguynQu59656951	02	_	
1323013467536764928	2020-11-01 21:26:05	635283767	NigraArbaro	01	_	
1323300057798553609	2020-11-02 16:24:54	635283767	NigraArbaro	02	_	
1323658623831126022	2020-11-03 16:09:42	635283767	NigraArbaro	03	_	Forest cover of the Breisgau-Hochschwarzwald county
1323388395452846086	2020-11-02 22:15:55	63686376	NoelBallantyne	02	_	
1323670474249916418	2020-11-03 16:56:48	855500785	northlandiguana	01	_	
1323965752383340544	2020-11-04 12:30:08	855500785	northlandiguana	02	_	
1323106244144500736	2020-11-02 03:34:45	230677112	notforcasual	01	_	
1323054269851824129	2020-11-02 00:08:13	73577090	nurussadad	01	_	
1323195469401452544	2020-11-02 09:29:18	73577090	nurussadad	02	_	
1322820957099094017	2020-11-01 08:41:07	801318008912232449	nwbort	01	https://cardioid.co.nz/30dmc/01/	Electricity generation capacity in Australia's National Electricity Market. Quite a bit of fossil fuel hanging around (but check out that wind in SA!)
1323087589285326849	2020-11-02 02:20:37	801318008912232449	nwbort	02	_	
1323287322201362432	2020-11-02 15:34:17	442982795	odile_p	02	_	
1322976704978132993	2020-11-01 19:00:00	252009888	odilon72	01	_	
1322890073197760516	2020-11-01 13:15:46	1187008095739875335	oguzhan_err	01	_	
1322819429621747713	2020-11-01 08:35:03	22614266	OrdnanceSurvey	01	_	The trig pillar was first used in the retriangulation of GB in 1936 and over 6,500 were built across the country. We thought we'd kick off our #30DayMapChallenge by, well, mapping them!
1322924569351671814	2020-11-01 15:32:50	794282192008597504	p_kil89	01	_	
1323364007177310208	2020-11-02 20:39:00	794282192008597504	p_kil89	02	_	
1323019085945384961	2020-11-01 21:48:25	499254119	Peter_McKeague	01	_	
1322891670799683586	2020-11-01 13:22:07	564485021	Peterincan	01	_	
1315180009951318016	2020-10-11 06:38:43	28102639	pheebely	01	https://phoebelty.wordpress.com/2020/10/11/30daymapchallenge/	Population of Malaysia in 2020: 32.58 million.. (One random point created per 100 people)
1315438579456319489	2020-10-11 23:46:11	28102639	pheebely	02	https://phoebelty.wordpress.com/2020/10/12/day-2-lines/	Singapore LRT/MRT
1316264233336795136	2020-10-14 06:27:02	28102639	pheebely	03	https://phoebelty.wordpress.com/2020/10/16/day-3-polygons/	Port of Beirut Explosion in 2020
1324134789637701632	2020-11-04 23:41:49	28102639	pheebely	04	https://phoebelty.wordpress.com/2020/10/26/day-4-hexagons/	Where has gold been mined in the U.S.?
	2020-10-30 12:00:00	28102639	pheebely	05	https://phoebelty.wordpress.com/2020/10/30/day-56-blue-red/	2016 Presidential Elections: % of Democratic votes by county
	2020-10-30 12:00:00	28102639	pheebely	06	https://phoebelty.wordpress.com/2020/10/30/day-56-blue-red/	2016 Presidential Elections: % of Republican votes by county
1323283457288642561	2020-11-02 15:18:56	1223280403777191936	Phil_M_Barrett	02	_	
1323350048533598211	2020-11-02 19:43:32	283445478	philbartie	02	_	
1323113808961949696	2020-11-02 04:04:48	2911550919	PhilPierdo	02	_	
1323013442215813121	2020-11-01 21:25:59	138810115	PieterCappon	01	_	
1323375925724094470	2020-11-02 21:26:22	138810115	PieterCappon	02	_	
1323793807553392640	2020-11-04 01:06:53	3007214442	pnwgeogeek	01	_	
1322932159452225536	2020-11-01 16:03:00	741653561314922496	pokateo_	01	_	
1323258015278157824	2020-11-02 13:37:50	741653561314922496	pokateo_	02	_	
1323338910588686342	2020-11-02 18:59:17	2335208993	PolarBoe	01	_	
1323341466769465346	2020-11-02 19:09:26	2335208993	PolarBoe	02	_	
1323331147938603008	2020-11-02 18:28:26	2679909391	popelnuhh	02	_	
1323228293286559744	2020-11-02 11:39:44	34737662	positium	02	_	
1322999915186970624	2020-11-01 20:32:14	2149588681	Pow__C	01	_	
1323308470389608448	2020-11-02 16:58:19	2149588681	Pow__C	02	_	
1323066674011082753	2020-11-02 00:57:31	1234136874	PratapVardhan	01	_	
1323461276295680000	2020-11-03 03:05:31	1234136874	PratapVardhan	02	_	
1323149834614935552	2020-11-02 06:27:58	910889225448439808	professorkao	01	_	
1323360678363701250	2020-11-02 20:25:47	910889225448439808	professorkao	02	_	
1323362499484213248	2020-11-02 20:33:01	2339659308	quorumetrix	02	_	Added elevation to the Montreal geobase, with animated dataviz of the STM metro LINES from GTFS... Is that meta enough for you? Part of an integrated 3D model of Montreal that I've been building in #b3d
1323261916903579650	2020-11-02 13:53:20	511040524	raveydave76	01	_	
1323176707768131584	2020-11-02 08:14:45	201856958	recifs	01	_	
1323255442194255873	2020-11-02 13:27:36	4017972017	resource_watch	02	_	
1323023699574968321	2020-11-01 22:06:45	721829381207887872	ReynardSubtil	01	_	
1323441372557430788	2020-11-03 01:46:26	721829381207887872	ReynardSubtil	02	_	
1323136705835134976	2020-11-02 05:35:48	1311526141983772673	RFinerman	01	_	
1323297575324192770	2020-11-02 16:15:02	1311526141983772673	RFinerman	02	_	
1323296401783181313	2020-11-02 16:10:22	549843007	richa_marwaha	01	_	
1323324721828683777	2020-11-02 18:02:54	549843007	richa_marwaha	02	_	
1322884728727490561	2020-11-01 12:54:31	733390000809730049	richard_vogg	01	_	
1323218341855715330	2020-11-02 11:00:11	733390000809730049	richard_vogg	02	_	
1323987192910327808	2020-11-04 13:55:19	733390000809730049	richard_vogg	04	_	"""Do you want a new Constitution?"" - was one of the question asked in Chile's plebiscite last week. In the end almost 80% of the country voted ""Apruebo"" - Yes! This map shows the results of the capital Santiago."
1323014819679735811	2020-11-01 21:31:28	489547971	RichardZimerman	01	_	
1323302196239368192	2020-11-02 16:33:24	489547971	RichardZimerman	02	_	
1323188414376775680	2020-11-02 09:01:16	1106525318553182209	RLShelmerdine	02	_	
1322841564499103745	2020-11-01 10:03:00	1106525318553182209	RLShelmerdine	UK	_	These are AIS pings from #fishing vessels over 1 year from one mast in Shetland. It is deceptive ‚Äòshowing‚Äô fishing vessels everywhere but in reality, there is a lot more space than most people think.
1323179358454951941	2020-11-02 08:25:17	853356352277803009	RobertPazur	02	_	
1322849134488027137	2020-11-01 10:33:05	2614024302	robradburn	01	_	
1323053176724082688	2020-11-02 00:03:53	2614024302	robradburn	02	_	
1324141560770908160	2020-11-05 00:08:44	2614024302	robradburn	05	_	When ideas are lacking I always delve into the amazing resource that is the #dataisplural google sheet for inspiration. The obvious choice was data on the UN Blue Helmets and their peacekeeping activities in Africa.
1322985681317109760	2020-11-01 19:35:40	1142165477952614400	rocopley1	01	_	
1323373393157201920	2020-11-02 21:16:18	1142165477952614400	rocopley1	02	_	
1323053173066600448	2020-11-02 00:03:52	794995039457918977	rod_ferrao	01	_	
1323463439319269381	2020-11-03 03:14:07	794995039457918977	rod_ferrao	02	_	
1323088893516910592	2020-11-02 02:25:48	104213130	rorich	01	_	
1323356529555312640	2020-11-02 20:09:18	104213130	rorich	02	_	
1322970449173688321	2020-11-01 18:35:09	275218031	rossp165	01	_	
1323445446283546625	2020-11-03 02:02:37	275218031	rossp165	02	_	
1323283815805165581	2020-11-02 15:20:21	19811364	saabrs	02	_	
1323027630858391558	2020-11-01 22:22:22	1064528315304820736	Sahilkidd	02	_	
1322889087125123073	2020-11-01 13:11:51	105407287	Saint_GIS	01	_	
1323247934821998592	2020-11-02 12:57:47	105407287	Saint_GIS	02	_	
1323358188369043457	2020-11-02 20:15:53	909440854946930688	sajbelcart	02	_	
1322908460493799424	2020-11-01 14:28:50	309734801	samwise_v	01	_	
1323215917237571584	2020-11-02 10:50:33	309734801	samwise_v	02	_	
1322995118903857154	2020-11-01 20:13:11	170641297	san_andreas_	01	_	
1323447331304464384	2020-11-03 02:10:06	170641297	san_andreas_	02	_	
1322811137331744769	2020-11-01 08:02:06	3552542476	SannaJokela1	01	_	All the trees in my garden. Measured from orthophoto, created with #QGIS. Tree symbol drawn by hand and changed to .svg with #Inkscape.
1323137206752608263	2020-11-02 05:37:47	3552542476	SannaJokela1	02	_	
1323864328064389123	2020-11-04 05:47:06	3552542476	SannaJokela1	04	_	Garden as hexagons. Analysing the landuse in my garden with simple overlay. Other area = still some work to do. Could have just made some hexagon flower beds.
1322815132163018752	2020-11-01 08:17:58	48334577	santihpuig	01	_	two thousand five hundred points randomly distributed over Greenland.
1323185075488522246	2020-11-02 08:48:00	48334577	santihpuig	02	_	a line connecting those two thousand five hundred random points by their random id.
1322945087337340929	2020-11-01 16:54:22	2332442999	SaraChaoukis	01	_	Mapping of cycling accidents in √éle-de-France in 2018.
1322888111618215937	2020-11-01 13:07:58	179094335	sarah_wilson7	01	_	
1323205879223754752	2020-11-02 10:10:40	179094335	sarah_wilson7	02	_	
1323613770791428096	2020-11-03 13:11:29	179094335	sarah_wilson7	03	_	Map below of Gaeltacht areas around the Island of Ireland ‚òòÔ∏è
1323038846691516416	2020-11-01 23:06:56	1297747856472838146	sarhoyoshoyos	01	_	
1323192832329396224	2020-11-02 09:18:49	1201838008359620609	SavoirsEnBulles	02	_	
1323201490102738945	2020-11-02 09:53:13	809066605	sciremotesense	02	_	
1323559351257161728	2020-11-03 09:35:14	809066605	sciremotesense	03	_	These are all the buildings in #Southampton, UK, coloured by the time taken to travel from there to the Civic Centre by car to arrive at 9am on a weekday.
1323367786018607104	2020-11-02 20:54:01	404240734	SDGeoGirl	02	_	#INeedNewShoes #doyouknowthewaytosanjose
1322828017559769088	2020-11-01 09:09:10	2599428001	seateazen	01	_	#RollyPh
1323241419142701056	2020-11-02 12:31:53	2599428001	seateazen	02	_	
1322999638711013383	2020-11-01 20:31:08	7541002	seb_meier	01	_	
1323184727092846594	2020-11-02 08:46:37	7541002	seb_meier	02	_	
1323004190017216512	2020-11-01 20:49:13	2478243950	Sharkteeth11	01	_	
1323336793559719937	2020-11-02 18:50:52	2478243950	Sharkteeth11	02	_	
1322969401092702208	2020-11-01 18:30:59	23860344	sid_bryper	01	_	
1322966190235504641	2020-11-01 18:18:13	722857290982952961	SimonBeaumont04	01	_	
1323357769286754307	2020-11-02 20:14:13	722857290982952961	SimonBeaumont04	02	_	
1322840809633447936	2020-11-01 10:00:00	636238090	simonmleech	01	_	Simple map to start, cartoon style to deviate from academic styles I am used to! Much more complex maps to follow!
1323203194705580033	2020-11-02 10:00:00	636238090	simonmleech	02	_	
1322623122814705664	2020-10-31 19:35:00	1020137956869222401	SouthArrowMaps	01	https://southarrowmaps.co.nz/portfolio/hagley-park-halftone	Hagley Park Halftone. A pseudo-halftone map of Hagley Park, Christchurch, created with points of cyan, magenta, and yellow (and black text)
1322985510495641600	2020-11-01 19:35:00	1020137956869222401	SouthArrowMaps	02	https://southarrowmaps.co.nz/portfolio/christchurch-speed-limits/	
1322906662928322560	2020-11-01 14:21:41	37122465	spardosanchez	01	_	
1323258674974961665	2020-11-02 13:40:27	37122465	spardosanchez	02	_	
1323004091023396865	2020-11-01 20:48:50	1274785600466550785	spatialoccasio1	01	_	
1323374901185728517	2020-11-02 21:22:18	1274785600466550785	spatialoccasio1	02	_	
1323026634769862658	2020-11-01 22:18:25	363276700	stevefaeembra	01	_	
1323327252696891392	2020-11-02 18:12:57	363276700	stevefaeembra	02	_	
1322968179304484865	2020-11-01 18:26:08	2686735688	steven4320555	01	_	
1323384216491565056	2020-11-02 21:59:19	2686735688	steven4320555	02	_	
1322846098319429632	2020-11-01 10:21:01	1033774266880282624	StrathSlater	01	_	A year of bicycle thefts in London. Made with #ArcGISPro and firefly styles by @John_M_Nelson.
1323203509370736642	2020-11-02 10:01:15	1033774266880282624	StrathSlater	02	_	
1323505425807896576	2020-11-03 06:00:57	1208855850959462400	sugoiboi40	02	_	
1323451337875574786	2020-11-03 02:26:02	1138045904630497280	Super_Explorer	02	_	
1322998252543893512	2020-11-01 20:25:38	2390654502	systemagie	01	_	
1323353548151758850	2020-11-02 19:57:27	2390654502	systemagie	02	_	
1322906648034365440	2020-11-01 14:21:37	577363985	Tabularthur	01	_	
1323219639464349698	2020-11-02 11:05:20	577363985	Tabularthur	02	_	
1322985567768989697	2020-11-01 19:35:13	3720386117	TeemuSaloriutta	01	_	
1323279695421546502	2020-11-02 15:03:59	3720386117	TeemuSaloriutta	02	_	
1322971786225569793	2020-11-01 18:40:28	3761815227	terisha_pillay1	01	_	
1323354397775142914	2020-11-02 20:00:49	3761815227	terisha_pillay1	02	_	
1323217524322930688	2020-11-02 10:56:56	37945420	TevaMeyer	02	_	
1322874212911112195	2020-11-01 12:12:44	180939408	tgsousa_	01	_	
1323263596667707393	2020-11-02 14:00:01	180939408	tgsousa_	02	_	
1323042144479793157	2020-11-01 23:20:02	1269335161335959552	TheGISGirl	01	_	
1323372340332367874	2020-11-02 21:12:07	1269335161335959552	TheGISGirl	02	_	
1323160540839997442	2020-11-02 07:10:30	1015132306330308610	thekuhugupta	01	_	
1323477769762738176	2020-11-03 04:11:03	1015132306330308610	thekuhugupta	02	_	
1323010086760054787	2020-11-01 21:12:39	21287004	TheRealJimShady	01	_	
1323747355427033093	2020-11-03 22:02:18	21287004	TheRealJimShady	02	_	
1323595765273559040	2020-11-03 11:59:56	176337766	timbertopper400	01	_	
1323598141988495361	2020-11-03 12:09:22	176337766	timbertopper400	02	_	
1323042272146034689	2020-11-01 23:20:33	863722747	TimRodaway	01	_	
1323391658302558221	2020-11-02 22:28:53	863722747	TimRodaway	02	_	
1322811866775756800	2020-11-01 08:05:00	2198358416	tjukanov	01	_	Helsinki Urban tree database. Couldn't decide how to start the challenge so I created 2 maps instead of 1.
1323147586254053384	2020-11-02 06:19:02	2198358416	tjukanov	02	_	
1324022554898669569	2020-11-04 16:15:50	2629383321	tkardi	01	_	
1324265798198824960	2020-11-05 08:22:24	2629383321	tkardi	02	_	
1323234477200543744	2020-11-02 12:04:18	1166373999343017986	tobi_aiyelokun	01	_	
1323646369421234182	2020-11-03 15:21:01	1166373999343017986	tobi_aiyelokun	02	_	
1323326097153421314	2020-11-02 18:08:22	265817210	ToddMostak	02	_	
1323401378916696064	2020-11-02 23:07:30	50888509	tom5ive	01	_	
1323360442111135744	2020-11-02 20:24:50	62926974	tomasral	01	_	
1323383539195412486	2020-11-02 21:56:37	62926974	tomasral	02	_	
1323537313343938565	2020-11-03 08:07:40	62926974	tomasral	03	_	
1322836572706918400	2020-11-01 09:43:10	191797663	tomodraco	01	_	Locations of F1‚Ñ¢ circuits in Europe
1323204616989872128	2020-11-02 10:05:39	191797663	tomodraco	02	_	
1323039442844721153	2020-11-01 23:09:18	1268236531	TomTheMap	01	_	
1323041095232720898	2020-11-01 23:15:52	1268236531	TomTheMap	02	_	
1323249563927535629	2020-11-02 13:04:15	1109429181266436097	topographos2	01	_	
1323563495275847681	2020-11-03 09:51:42	1109429181266436097	topographos2	02	_	Hollow Ways around Tell Beydar in Syria
1324141226837377024	2020-11-05 00:07:24	44981447	torehalset	06	_	Blue elevation, hillshade, ice and water. Sn√∏hetta, Dovre, Norway. Data: Kartverket.
1323721341762260993	2020-11-03 20:18:56	1291600484931780608	tqwhitetech	02	_	
1322794714953707520	2020-11-01 06:56:51	1242492366323245061	Troctolite10	01	_	Firefly map of Earthquakes occurred during last month in India and neighboring countries
1323207299440111617	2020-11-02 10:16:18	1242492366323245061	Troctolite10	02	_	
1322861381272719360	2020-11-01 11:21:45	343928585	undertheraedar	01	_	
1323583295540678656	2020-11-03 11:10:23	343928585	undertheraedar	03	_	I thought I'd put some polygons on a spinning globe. Didn't have time to fix the blips but hopefully it's not too hypnotic.
1323242009549803520	2020-11-02 12:34:14	1322101266793857026	UT_moblab	02	_	
1323383456726978562	2020-11-02 21:56:18	219609015	uvfns	01	_	
1323290653808332801	2020-11-02 15:47:32	219609015	uvfns	02	_	
1323266052965441536	2020-11-02 14:09:46	219609015	uvfns	03	_	
1323003338175205381	2020-11-01 20:45:50	2593554955	varaktor	01	_	
1323350030519074817	2020-11-02 19:43:28	2593554955	varaktor	02	_	
1324141334383439873	2020-11-05 00:07:50	2593554955	varaktor	04	_	World map with tectonic boundaries and volcanic elevations.
1323033972276830208	2020-11-01 22:47:34	421896803	viajeruss	01	_	In the database of @openstreetmap there are 16,511 trees registered in the Lima-Callao metropolitan area. Each green dot is a tree. We still have to search quite a few trees üå¥
1322853100173037572	2020-11-01 10:48:51	2213909976	VictimOfMaths	01	_	
1323352364133294085	2020-11-02 19:52:44	2213909976	VictimOfMaths	02	_	
1323011478711132167	2020-11-01 21:18:11	867502710131752960	vivekparasharr	01	_	
1323276980008243200	2020-11-02 14:53:11	867502710131752960	vivekparasharr	02	_	
1324084005856284673	2020-11-04 20:20:01	867502710131752960	vivekparasharr	04	_	
1311862706232684547	2020-10-02 02:56:57	55309606	vizowl	01		I am definitely not doing the #30DayMapChallenge because there is an election. But since the first day's theme was points (it's still the first day in Hawaii) and I was thinking about polling booth locations here's all of them. It's essentially population density but ü§∑‚Äç‚ôÇÔ∏è
1323423063975800835	2020-11-03 00:33:41	528956594	vizualdatos	02	_	
1322846158876803072	2020-11-01 10:21:16	3494716935	vlckel	01	_	Global Power Plants by its capaticy and the type of primary fuel. - Coal. Nuclear, Gas, Oil, Hydro, Wind. Couldn't decide how to start the challenge so I created 10 maps instead of 1. (1/2)
1323183272218812416	2020-11-02 08:40:50	3494716935	vlckel	02	_	
1323086081642897408	2020-11-02 02:14:38	278873782	vtcraghead	01	_	
1323284416526012422	2020-11-02 15:22:44	278873782	vtcraghead	02	_	
1322846861238173704	2020-11-01 10:24:03	454007980	WestcountryRT	01	_	
1323403685901279233	2020-11-02 23:16:41	454007980	WestcountryRT	02	_	
1322964717057515523	2020-11-01 18:12:22	894755514571046915	whiterabbit_sci	01	_	
1323329826426638338	2020-11-02 18:23:11	894755514571046915	whiterabbit_sci	02	_	
1323086801205157891	2020-11-02 02:17:29	1317585384814137349	XtianMaps	01	_	
1323234255493881856	2020-11-02 12:03:25	1317585384814137349	XtianMaps	02	_	
1322930319859789830	2020-11-01 15:55:41	18795658	Yakus	01	_	
1323348349857288192	2020-11-02 19:36:47	18795658	Yakus	02	_	
1322782243732004864	2020-11-01 06:07:17	3044299951	YocsanContreras	01	_	Theft in public transport 2016 -2020 CDMX
1323709029642764288	2020-11-03 19:30:00	66119329	yolsclemente	03	_	304 municipalities. 6 regions. A polygon map to see the puzzle that is Zamora
1323373590167851011	2020-11-02 21:17:05	1261357636412411905	Zelbe04	02	_	
1322644021433397248	2020-10-31 20:58:02	12306	zentree	01	_	Tree tops in Avonhead, Christchurch. Recovered from LiDAR canopy height model (in grey), still tweaking the algorithm. Big white section is Crosby Park.
1323202578012778503	2020-11-02 09:57:33	12306	zentree	02	_	
